objectname,objectid,rating,numplays,weight,own,fortrade,want,wanttobuy,wanttoplay,prevowned,preordered,wishlist,wishlistpriority,wishlistcomment,comment,conditiontext,haspartslist,wantpartslist,collid,baverage,average,avgweight,rank,numowned,objecttype,originalname,minplayers,maxplayers,playingtime,maxplaytime,minplaytime,yearpublished,bggrecplayers,bggbestplayers,bggrecagerange,bgglanguagedependence,publisherid,imageid,year,language,other,itemtype,barcode,pricepaid,pp_currency,currvalue,cv_currency,acquisitiondate,acquiredfrom,quantity,privatecomment,invlocation,invdate,version_publishers,version_languages,version_yearpublished,version_nickname
"13 Dead End Drive","1899","5","","0","1","0","0","0","0","0","0","0","3","","","","","","73956236","5.73081","6.04444","1.384","4830","4933","thing","13 Dead End Drive","2","4","45","45","45","1993","2,3,4","3,4","8+","No necessary in-game text","","","","","","standalone","","","","20","USD","2019-12-25","Casey's Parents","","","","","","","",""
"5 Second Rule","86073","7","","0","1","0","0","0","0","0","0","0","3","","","","","","73956265","5.43363","5.48243","1.1094","23077","4660","thing","5 Second Rule","3","6","30","30","30","2010","3,4,5,6","4,5,6","8+","Extensive use of text - massive conversion needed to be playable","","","","","","standalone","","1","USD","15","USD","","","","","","","","","",""
"7 Wonders","68448","7","1","0","1","0","0","0","0","0","0","0","3","","","","","","73936505","7.60834","7.71224","2.3227","83","128662","thing","7 Wonders","2","7","30","30","30","2010","3,4,5,6,7","4,5","10+","No necessary in-game text","","","","","","standalone","","50","USD","50","USD","","","","","","","","","",""
"7 Wonders Duel","173346","9","1","0","1","0","0","0","0","0","0","0","3","","","","","","73936506","7.97636","8.09969","2.2238","19","127479","thing","7 Wonders Duel","2","2","30","30","30","2015","2","2","10+","No necessary in-game text","","","","","","standalone","","","","","","","","","","","","","","",""
"7 Wonders Duel: Agora","309116","0","1","0","1","0","0","0","0","0","0","0","3","","","","","","87960847","7.04623","8.12605","2.9194","0","12247","thing","7 Wonders Duel: Agora","2","2","30","30","30","2020","2","2","12+","No necessary in-game text","","","","","","expansion","","12.5","USD","25","USD","2021-11-26","The Adventure Begins","1","","","","","","",""
"7 Wonders Duel: Pantheon","202976","8","","0","1","0","0","0","0","0","0","0","3","","","","","","73936511","7.62966","8.01288","2.315","0","36662","thing","7 Wonders Duel: Pantheon","2","2","30","30","30","2016","2","2","10+","No necessary in-game text","","","","","","expansion","","","","","","","","","","","","","","",""
"7 Wonders: Architects","346703","7.5","2","0","1","0","0","0","0","0","0","0","3","","","","","","87577662","6.645","7.05463","1.3467","882","7882","thing","7 Wonders: Architects","2","7","25","25","25","2021","2,3,4,5,6,7","4","6+","No necessary in-game text","","","","","","standalone","","40","USD","60","USD","2021-11-13","Space Cadets","1","","","","","","",""
"7 Wonders: Armada","247315","8","","0","1","0","0","0","0","0","0","0","3","","","","","","73936515","6.83462","8.01377","2.7907","0","8372","thing","7 Wonders: Armada","3","7","40","40","40","2018","3,4,5,6,7","5","10+","No necessary in-game text","","","","","","expansion","","","","","","","","","","","","","","",""
"7 Wonders: Babel","154638","5","","0","1","0","0","0","0","0","0","0","3","","","","","","73936513","6.45346","6.92537","2.6457","0","14077","thing","7 Wonders: Babel","2","7","45","45","45","2014","3,4,5,6,7","5","10+","No necessary in-game text","","","","","","expansion","","","","","","","","","","","","","","",""
"Age of Civilization","264647","7","3","0","1","0","0","0","0","0","0","0","3","","","","","","88730610","6.25111","7.09355","2.2857","1716","4300","thing","Age of Civilization","1","4","60","60","30","2019","1,2,3,4","3","10+","Moderate in-game text - needs crib sheet or paste ups","","","","","","standalone","","13","USD","30","USD","","Amazon","1","","","","","","",""
"Arkham Horror: The Card Game","205637","9","26","0","1","0","0","0","0","0","0","0","3","","","","","","87959374","7.91932","8.14865","3.5111","27","66811","thing","Arkham Horror: The Card Game","1","2","120","120","60","2016","1,2","2","14+","Extensive use of text - massive conversion needed to be playable","","","","","","standalone","","30","USD","60","USD","2021-11-26","The Adventure Begins","","","","","","","",""
"Arkham Horror: The Card Game – Edge of the Earth: Campaign Expansion","340035","8","","0","1","0","0","0","0","0","0","0","3","","","","","","100181971","6.03425","8.68644","3.3333","0","4211","thing","Arkham Horror: The Card Game – Edge of the Earth: Campaign Expansion","1","4","120","120","60","2021","1,2,3,4","2","14+","Extensive use of text - massive conversion needed to be playable","","","","","","expansion","","","","","","","","","","","","","","",""
"Arkham Horror: The Card Game – Edge of the Earth: Investigator Expansion","340036","8","","0","1","0","0","0","0","0","0","0","3","","","","","","100181981","5.92989","8.60822","3","0","4000","thing","Arkham Horror: The Card Game – Edge of the Earth: Investigator Expansion","1","2","120","120","60","2021","2","2","14+","Extensive use of text - massive conversion needed to be playable","","","","","","expansion","","","","","","","","","","","","","","",""
"Ascension: Deckbuilding Game","69789","0","","0","1","0","0","0","0","0","0","0","3","","I have the digital edition, but haven't played it yet","","","","73957256","6.7821","7.0358","2.1435","657","13901","thing","Ascension: Deckbuilding Game","1","4","30","30","30","2010","2,3,4","2","10+","Moderate in-game text - needs crib sheet or paste ups","","","","","","standalone","","","","","","","","","","","","","","",""
"Astra","369270","7.5","1","0","1","0","0","0","0","0","0","0","3","","The gameplay is really fun, but the markers could have been replaced with cubes and it would have been easier to play. The markers seemed more gimmicky than necessary.","","","","100182006","5.67378","7.11715","2.0714","5736","631","thing","Astra","2","5","90","90","40","2022","2,3,4","3","10+","Some necessary text - easily memorized or small crib sheet","","","","","","standalone","","","","","","","","","","","","","","",""
"The Awkward Storyteller","268588","6","1","0","1","0","0","0","0","0","0","0","3","","","","","","89322549","0","5.35","0","0","139","thing","The Awkward Storyteller","4","11","0","0","0","2017","","","","","","","","","","standalone","","","","","","","Joey Khan","1","","","","","","",""
"Balderdash","163","7","","0","1","0","0","0","0","0","0","0","3","","","","","","73936532","6.18292","6.46311","1.4132","1933","10438","thing","Balderdash","2","6","60","60","60","1984","4,5,6","5,6","12+","Unplayable in another language","","","","","","standalone","","","","","","","","","","","","","","",""
"Bananagrams","27225","7","","0","1","0","0","0","0","0","0","0","3","","","","","","73936545","6.18919","6.37419","1.3125","1916","20726","thing","Bananagrams","1","8","15","15","15","2006","2,3,4,5,6","3,4,5","10+","No necessary in-game text","","","","","","standalone","","","","","","","","","","","","","","",""
"BANG!","3955","7","","0","1","0","0","0","0","0","0","0","3","","","","","","73956635","6.34717","6.5001","1.6349","1443","36727","thing","BANG!","4","7","40","40","20","2002","5,6,7","7","10+","Some necessary text - easily memorized or small crib sheet","","","","","","standalone","","","","","","","","","","","","","","",""
"Barrage","251247","7.5","4","0","1","0","0","0","0","0","0","0","3","","I like the strategy, but it feels like it's easy to fall behind and be perpetually 1 step behind the other players the rest of the game.","","","","77325986","7.83227","8.20867","4.0728","34","16527","thing","Barrage","1","4","120","120","60","2019","2,3,4","4","14+","No necessary in-game text","","","","","","standalone","","","","","","2020-12-18","","1","","","","","","",""
"Basket Case","31967","5","","0","1","0","0","0","0","0","0","0","3","","","","","","73956295","0","4.6","0","0","34","thing","Basket Case","1","2","10","10","10","2003","","","","","","","","","","standalone","","","","","","","","","","","","","","",""
"Betrayal at House on the Hill","10547","8.5","1","0","1","0","0","0","0","0","0","0","3","","","","","","73937223","6.8348","7.04406","2.3867","595","70591","thing","Betrayal at House on the Hill","3","6","60","60","60","2004","3,4,5,6","5,6","12+","Extensive use of text - massive conversion needed to be playable","","","","","","standalone","","","","","","","","","","","","","","",""
"Bible Challenge","8448","6","","0","1","0","0","0","0","0","0","0","3","","","","","","73956259","5.48647","5.08214","1.8","21221","166","thing","Bible Challenge","2","16","90","90","90","1984","2,3,4","4","","Unplayable in another language","","","","","","standalone","","","","","","","","","","","","","","",""
"Brass: Birmingham","224517","10","2","0","1","0","0","0","0","0","0","0","3","","","","","","88730596","8.43218","8.65439","3.909","2","47126","thing","Brass: Birmingham","2","4","120","120","60","2018","2,3,4","3,4","14+","No necessary in-game text","","","","","","standalone","","","","","","","Christmas","1","","","","","","",""
"Brass: Lancashire","28720","10","1","0","1","0","0","0","0","0","0","0","3","","","","","","73936461","7.96553","8.18694","3.8605","20","29409","thing","Brass: Lancashire","2","4","120","120","60","2007","2,3,4","4","14+","No necessary in-game text","","","","","","standalone","","","","","","","","","","","","","","",""
"Brew Crafters","139898","8","5","0","1","0","0","0","0","0","0","0","3","","","","","","73936084","6.68441","7.42449","3.5743","810","4696","thing","Brew Crafters","2","5","90","90","90","2013","2,3,4,5","3,4","12+","Moderate in-game text - needs crib sheet or paste ups","","","","","","standalone","","","","","","","","","","","","","","",""
"BUS","164159","7","","0","1","0","0","0","0","0","0","0","3","","","","","","73956354","5.68543","6.23318","1.36","5518","2307","thing","BUS","2","3","20","20","20","2015","2,3","3","8+","No necessary in-game text","","","","","","standalone","","","","","","","","","","","","","","",""
"Carcassonne","822","8","1","0","1","0","0","0","0","0","0","0","3","","","","","","73936295","7.30272","7.41364","1.9019","199","172680","thing","Carcassonne","2","5","45","45","30","2000","2,3,4,5","2","8+","No necessary in-game text","","","","","","standalone","","","","","","","","","","","","","","",""
"Cards Against Profanity","218331","7","","0","1","0","0","0","0","0","0","0","3","","","","","","73956261","0","5.75","0","0","16","thing","Cards Against Profanity","4","20","90","90","30","2016","","","","","","","","","","standalone","","","","","","","","","","","","","","",""
"The Castles of Burgundy","84876","8","2","0","1","0","0","0","0","0","0","0","3","","","","","","73936312","8.0063","8.12771","2.9937","17","71420","thing","The Castles of Burgundy","2","4","90","90","30","2011","2,3,4","2","12+","No necessary in-game text","","","","","","standalone","","","","","","","","","","","","","","",""
"Castles of Mad King Ludwig","155426","0","","0","1","0","0","0","0","0","0","0","3","","I have the digital edition","","","","73957271","7.35611","7.52854","2.6564","168","30483","thing","Castles of Mad King Ludwig","1","4","90","90","90","2014","2,3,4","4","10+","Some necessary text - easily memorized or small crib sheet","","","","","","standalone","","","","","","","","","","","","","","",""
"CATAN","13","5","","0","1","0","0","0","0","0","0","0","3","","","","","","73936481","6.94668","7.11675","2.3058","473","181324","thing","CATAN","3","4","120","120","60","1995","3,4","4","8+","Some necessary text - easily memorized or small crib sheet","","","","","","standalone","","","","","","","","","","","","","","",""
"Catch Phrase","192092","6","","0","1","0","0","0","0","0","0","0","3","","","","","","73956204","0","5.49038","0","0","121","thing","Catch Phrase","2","0","20","0","20","2015","","","","","","","","","","standalone","","","","","","","","","","","","","","",""
"City of Iron: Second Edition","195503","7","1","0","1","0","0","0","0","0","0","0","3","","","","","","73936611","6.17079","7.24718","3.1333","0","2466","thing","City of Iron: Second Edition","2","4","120","120","120","2016","2,3,4","3","12+","Some necessary text - easily memorized or small crib sheet","","","","","","standalone","","","","","","","","","","","","","","",""
"Codenames","178900","9","","0","1","0","0","0","0","0","0","0","3","","","","","","73936540","7.48205","7.57334","1.2731","116","131623","thing","Codenames","2","8","15","15","15","2015","4,5,6,7,8","6,8","10+","Unplayable in another language","","","","","","standalone","","","","","","","","","","","","","","",""
"Concept","147151","8","","0","1","0","0","0","0","0","0","0","3","","","","","","73956269","6.63657","6.78777","1.3875","899","28906","thing","Concept","4","12","40","40","40","2013","3,4,5,6,7,8,9,10,11,12","6","10+","Extensive use of text - massive conversion needed to be playable","","","","","","standalone","","","","","","","","","","","","","","",""
"Concordia","124361","9","5","0","1","0","0","0","0","0","0","0","3","","","","","","76679800","7.96304","8.11506","3.0064","21","40738","thing","Concordia","2","5","100","100","100","2013","2,3,4,5","4","12+","Moderate in-game text - needs crib sheet or paste ups","","","","","","standalone","","32.5","USD","65","USD","2020-11-27","The Adventure Begins","1","","","","","","",""
"The Constitution Quest Game","94769","6","","0","1","0","0","0","0","0","0","0","3","","","","","","73936379","0","6.88889","0","0","59","thing","The Constitution Quest Game","2","4","60","60","60","2011","","","","","","","","","","standalone","","","","","","","","","","","","","","",""
"The Contender: The Game of Presidential Debate","190073","8","1","0","1","0","0","0","0","0","0","0","3","","","","","","73956288","5.52171","6.13628","1.1667","15158","321","thing","The Contender: The Game of Presidential Debate","3","99","30","30","15","2015","3,4,5,6,7,8,9","4,6","16+","","","","","","","standalone","","","","","","","","","","","","","","",""
"Coup","131357","7","1","0","1","0","0","0","0","0","0","0","3","","","","","","73938321","6.85808","6.9905","1.415","576","70550","thing","Coup","2","6","15","15","15","2012","3,4,5,6","5","10+","Some necessary text - easily memorized or small crib sheet","","","","","","standalone","","","","","","","","","","","","","","",""
"Cryptid","246784","9","1","0","1","0","0","0","0","0","0","0","3","","","","","","73936331","7.18214","7.48494","2.2634","273","15586","thing","Cryptid","3","5","50","50","30","2018","3,4,5","4","10+","Moderate in-game text - needs crib sheet or paste ups","","","","","","standalone","","","","","","","","","","","","","","",""
"Curios","275973","7","3","0","1","0","0","0","0","0","0","0","3","","","","","","73936392","5.72048","6.5639","1.2727","4971","896","thing","Curios","2","5","20","20","15","2019","2,3,4","3,4","8+","No necessary in-game text","","","","","","standalone","","","","","","","","","","","","","","",""
"Dead of Winter: A Crossroads Game","150376","7","1","0","1","0","0","0","0","0","0","0","3","","","","","","73936233","7.35454","7.5064","3.012","170","59773","thing","Dead of Winter: A Crossroads Game","2","5","120","120","60","2014","3,4,5","4","12+","Extensive use of text - massive conversion needed to be playable","","","","","","standalone","","","","","","","","","","","","","","",""
"Deus","162082","7","1","0","1","0","0","0","0","0","0","0","3","","","","","","73938084","6.96181","7.2905","2.841","458","9625","thing","Deus","2","4","90","90","60","2014","2,3,4","3","12+","Moderate in-game text - needs crib sheet or paste ups","","","","","","standalone","","","","","","","","","","","","","","",""
"Dog Park","331401","7","1","0","1","0","0","0","0","0","0","0","3","","","","","","100181996","5.91859","7.58926","2.0625","3144","1943","thing","Dog Park","1","4","80","80","40","2022","1,2,3,4","3,4","8+","Extensive use of text - massive conversion needed to be playable","","","","","","standalone","","","","","","","","","","","","","","",""
"Dominion","36218","8","1","0","1","0","0","0","0","0","0","0","3","","","","","","73936219","7.48905","7.6037","2.3526","114","112153","thing","Dominion","2","4","30","30","30","2008","2,3,4","3","10+","Moderate in-game text - needs crib sheet or paste ups","","","","","","standalone","","","","","","","","","","","","","","",""
"Dominion: Hinterlands","104557","7","","0","1","0","0","0","0","0","0","0","3","","","","","","73936225","7.34353","7.94668","2.5519","0","15775","thing","Dominion: Hinterlands","2","4","30","30","30","2011","2,3,4","2,3","10+","Moderate in-game text - needs crib sheet or paste ups","","","","","","expansion","","","","","","","","","","","","","","",""
"Dominion: Intrigue","40834","8","","0","1","0","0","0","0","0","0","0","3","","","","","","73936223","7.53695","7.69914","2.4184","95","46765","thing","Dominion: Intrigue","2","6","30","30","30","2009","2,3,4","3","10+","Moderate in-game text - needs crib sheet or paste ups","","","","","","standalone","","","","","","","","","","","","","","",""
"Dominoes","2394","6","","0","1","0","0","0","0","0","0","0","3","","","","","","73956232","5.46795","5.51145","1.3689","22391","13364","thing","Dominoes","2","10","30","30","30","1500","2,3,4","4","5+","No necessary in-game text","","","","","","standalone","","","","","","","","","","","","","","",""
"Don't Get Got!","262547","6","","0","1","0","0","0","0","0","0","0","3","","","","","","77522590","6.08983","7.08002","1.0476","2270","3241","thing","Don't Get Got!","2","10","1440","1440","30","2018","4,5,6,7,8,9,10","7","10+","Unplayable in another language","","","","","","standalone","","","","","","2020-12-24","","1","","","","","","",""
"Elysium","163968","8","3","0","1","0","0","0","0","0","0","0","3","","","","","","76679803","6.91658","7.20768","2.7597","509","13117","thing","Elysium","2","4","60","60","60","2015","2,3,4","3","12+","Some necessary text - easily memorized or small crib sheet","","","","","","standalone","","30","USD","60","USD","2020-11-27","The Adventure Begins","1","","","","","","",""
"Epoch: Early Inventors","172325","8","1","0","1","0","0","0","0","0","0","0","3","","","","","","87960827","5.54376","6.39499","3.4286","11588","278","thing","Epoch: Early Inventors","1","4","150","150","90","2018","1,2,3,4","1","12–14","No necessary in-game text","","","","","","standalone","","30","USD","60","USD","2021-11-26","The Adventure Begins","1","","","","","","",""
"Everdell","199792","8","8","0","1","0","0","0","0","0","0","0","3","","","","","","73936440","7.87668","8.07302","2.8033","31","59183","thing","Everdell","1","4","80","80","40","2018","1,2,3,4","3","10+","Extensive use of text - massive conversion needed to be playable","","","","","","standalone","","","","","","","","","","","","","","",""
"Everdell: Bellfaire","289057","7","","0","1","0","0","0","0","0","0","0","3","","","","","","77986474","6.99758","8.08434","2.7568","0","12400","thing","Everdell: Bellfaire","1","6","120","120","40","2019","1,2,3,4","4","12+","Some necessary text - easily memorized or small crib sheet","","","","","","expansion","","","","","","2020-12-31","Gift From The Wegner's","1","","","","","","",""
"Everdell: Mistwood","332397","0","","0","1","0","0","0","0","0","0","0","3","","","","","","100179423","5.68139","8.28412","2.3333","0","2500","thing","Everdell: Mistwood","1","4","100","100","40","2022","1,2","1","","Extensive use of text - massive conversion needed to be playable","","","","","","expansion","","","","","","","","","","","","","","",""
"Everdell: Newleaf","332390","7","","0","1","0","0","0","0","0","0","0","3","","","","","","100179382","5.80696","8.62668","2.75","0","2560","thing","Everdell: Newleaf","1","4","100","100","40","2022","2,3,4","2","","","","","","","","expansion","","","","","","","","","","","","","","",""
"Everdell: Pearlbrook","259996","7","","0","1","0","0","0","0","0","0","0","3","","","","","","73936455","6.83073","7.65738","2.8","0","12383","thing","Everdell: Pearlbrook","1","4","80","80","40","2019","1,2,3,4","3","12+","Extensive use of text - massive conversion needed to be playable","","","","","","expansion","","","","","","","","","","","","","","",""
"Everdell: Spirecrest","289056","9","","0","1","0","0","0","0","0","0","0","3","","","","","","76679805","7.08169","8.33854","2.9839","0","9785","thing","Everdell: Spirecrest","1","4","100","100","40","2020","1,2,3,4","2,3","10+","Moderate in-game text - needs crib sheet or paste ups","","","","","","expansion","","30","USD","50","USD","2020-11-27","Space Cadets","1","","","","","","",""
"Ex Libris","201825","8","4","0","1","0","0","0","0","0","0","0","3","","","","","","77325989","6.74651","7.16181","2.5547","713","9636","thing","Ex Libris","1","4","45","45","45","2017","1,2,3,4","3","12+","Moderate in-game text - needs crib sheet or paste ups","","","","","","standalone","","45","USD","60","USD","2020-12-18","","1","","","","","","",""
"Exploding Kittens","172225","6","","0","1","0","0","0","0","0","0","0","3","","","","","","73936425","5.8605","6.04621","1.0932","3526","59329","thing","Exploding Kittens","2","5","15","15","15","2015","3,4,5","4,5","8+","Some necessary text - easily memorized or small crib sheet","","","","","","standalone","","","","","","","","","","","","","","",""
"Feast & Famine","82223","6","1","0","1","0","0","0","0","0","0","0","3","","","","","","73937072","5.51411","5.93154","2.3333","16696","141","thing","Feast & Famine","2","4","45","45","45","2010","2,3,4","4","6+","No necessary in-game text","","","","","","standalone","","","","","","","","","","","","","","",""
"Forbidden Desert","136063","7","","0","1","0","0","0","0","0","0","0","3","","","","","","73936885","6.96864","7.10335","2.0425","454","49593","thing","Forbidden Desert","2","5","45","45","45","2013","1,2,3,4,5","4","8+","Some necessary text - easily memorized or small crib sheet","","","","","","standalone","","","","","","","","","","","","","","",""
"Forbidden Island","65244","7","","0","1","0","0","0","0","0","0","0","3","","","","","","73936880","6.67681","6.77559","1.7367","820","82965","thing","Forbidden Island","2","4","30","30","30","2010","1,2,3,4","4","8+","Some necessary text - easily memorized or small crib sheet","","","","","","standalone","","","","","","","","","","","","","","",""
"Forbidden Sky","245271","8","","0","1","0","0","0","0","0","0","0","3","","","","","","73936892","6.07599","6.46471","2.6122","2334","9317","thing","Forbidden Sky","2","5","60","60","60","2018","1,2,3,4,5","3,4","8+","Some necessary text - easily memorized or small crib sheet","","","","","","standalone","","","","","","","","","","","","","","",""
"Gang of Four","3085","0","","0","1","0","0","0","0","0","0","0","3","","I have the digital edition","","","","73957301","6.09716","6.6201","1.8696","2246","4228","thing","Gang of Four","3","4","40","40","40","1990","3,4","4","8+","No necessary in-game text","","","","","","standalone","","","","","","","","","","","","","","",""
"Gloom","12692","8","2","0","1","0","0","0","0","0","0","0","3","","","","","","73936342","6.16163","6.32926","1.6324","2007","29974","thing","Gloom","2","4","60","60","60","2005","2,3,4","4","10+","Extensive use of text - massive conversion needed to be playable","","","","","","standalone","","","","","","","","","","","","","","",""
"Gloom: Unhappy Homes","18207","7","","0","1","0","0","0","0","0","0","0","3","","","","","","73936346","5.98237","6.64799","1.6939","0","5988","thing","Gloom: Unhappy Homes","2","5","30","30","30","2005","3,4,5","5","","Moderate in-game text - needs crib sheet or paste ups","","","","","","expansion","","","","","","","","","","","","","","",""
"The Grimm Forest","212402","8","1","0","1","0","0","0","0","0","0","0","3","","","","","","73956120","6.62507","7.10418","1.9421","917","10509","thing","The Grimm Forest","2","4","60","60","45","2018","3,4","4","8+","Moderate in-game text - needs crib sheet or paste ups","","","","","","standalone","","","","","","","","","","","","","","",""
"Harry Potter: Hogwarts Battle","199042","8","","0","1","0","0","0","0","0","0","0","3","","","","","","73937428","7.10242","7.40215","2.0831","332","32452","thing","Harry Potter: Hogwarts Battle","2","4","60","60","30","2016","2,3,4","2,4","8+","Moderate in-game text - needs crib sheet or paste ups","","","","","","standalone","","","","","","","","","","","","","","",""
"Harry Potter: Hogwarts Battle – The Monster Box of Monsters Expansion","223494","6","","0","1","0","0","0","0","0","0","0","3","","","","","","73937484","6.61631","7.59494","2.6304","0","11905","thing","Harry Potter: Hogwarts Battle – The Monster Box of Monsters Expansion","2","4","60","60","30","2017","2,3,4","2,4","10+","Moderate in-game text - needs crib sheet or paste ups","","","","","","expansion","","","","","","","","","","","","","","",""
"The Hunger Games: Mockingjay – The Board Game","262290","0","","0","1","0","0","0","0","0","0","0","3","","","","","","100182022","5.52113","7.09742","2.2","15255","120","thing","The Hunger Games: Mockingjay – The Board Game","2","4","120","120","60","2019","1,2,3,4","2,3,4","16+","Some necessary text - easily memorized or small crib sheet","","","","","","standalone","","","","","","","","","","","","","","",""
"I'm the Boss!","115","9.5","1","0","1","0","0","0","0","0","0","0","3","","","","","","73956317","6.33497","6.77188","1.9713","1471","4208","thing","I'm the Boss!","3","6","60","60","60","1994","4,5,6","5,6","10+","No necessary in-game text","","","","","","standalone","","","","","","","","","","","","","","",""
"I'm the Boss!: The Card Game","125605","9","1","0","1","0","0","0","0","0","0","0","3","","","","","","100179384","5.53362","5.87322","1.75","13039","499","thing","I'm the Boss!: The Card Game","3","6","45","45","45","2012","4,5,6","5,6","","No necessary in-game text","","","","","","standalone","","","","","","","","","","","","","","",""
"Imhotep","191862","7","","0","1","0","0","0","0","0","0","0","3","","","","","","73936114","6.9418","7.15904","2.0099","477","19905","thing","Imhotep","2","4","40","40","40","2016","2,3,4","4","10+","Some necessary text - easily memorized or small crib sheet","","","","","","standalone","","","","","","","","","","","","","","",""
"Istanbul","148949","8","3","0","1","0","0","0","0","0","0","0","3","","","","","","76679806","7.40613","7.55505","2.5825","148","34025","thing","Istanbul","2","5","60","60","40","2014","2,3,4,5","4","10+","No necessary in-game text","","","","","","standalone","","25","USD","50","USD","2020-11-27","The Adventure Begins","1","","","","","","",""
"Kalah","2448","6","","0","1","0","0","0","0","0","0","0","3","","","","","","73956178","5.80381","5.9415","1.6122","4008","13013","thing","Kalah","2","2","10","10","10","700","2","2","6+","No necessary in-game text","","","","","","standalone","","","","","","","","","","","","","","",""
"Kings in the Corner","4376","6","","0","1","0","0","0","0","0","0","0","3","","","","","","73956221","5.43617","5.19925","1.1","23046","1139","thing","Kings in the Corner","2","6","30","30","30","1996","2,3,4","2,4","8+","No necessary in-game text","","","","","","standalone","","","","","","","","","","","","","","",""
"Libertalia: Winds of Galecrest","356033","0","","0","1","0","0","0","0","0","0","0","3","","","","","","100182004","6.6942","7.53157","2.0875","794","6133","thing","Libertalia: Winds of Galecrest","1","6","60","60","45","2022","1,2,3,4,5,6","4,5,6","10+","Some necessary text - easily memorized or small crib sheet","","","","","","standalone","","","","","","","","","","","","","","",""
"Lords of Waterdeep","110327","9","4","0","1","0","0","0","0","0","0","0","3","","","","","","73936268","7.60754","7.74219","2.455","84","63846","thing","Lords of Waterdeep","2","5","120","120","60","2012","2,3,4,5","3,4","10+","Moderate in-game text - needs crib sheet or paste ups","","","","","","standalone","","","","","","","","","","","","","","",""
"Lords of Waterdeep: Scoundrels of Skullport","134342","8","","0","1","0","0","0","0","0","0","0","3","","","","","","73936278","7.83352","8.2137","2.6432","0","30490","thing","Lords of Waterdeep: Scoundrels of Skullport","2","6","60","60","60","2013","2,3,4,5,6","4","12+","Moderate in-game text - needs crib sheet or paste ups","","","","","","expansion","","","","","","","","","","","","","","",""
"Lost Ruins of Arnak","312484","8","2","0","1","0","0","0","0","0","0","0","3","","","","","","90384095","7.87771","8.09147","2.88","30","43526","thing","Lost Ruins of Arnak","1","4","120","120","30","2020","1,2,3,4","3","10+","Moderate in-game text - needs crib sheet or paste ups","","","","","","standalone","","","","","","2022-01-22","Jonny Green","1","","","","","","",""
"Mad Gab","764","6","","0","1","0","0","0","0","0","0","0","3","","","","","","73956192","5.25991","5.01984","1.25","23419","3807","thing","Mad Gab","2","12","45","45","45","1996","4,5,6,7,8,9,10,12","6,8","12+","Unplayable in another language","","","","","","standalone","","","","","","","","","","","","","","",""
"Masters of Venice","40276","3","1","0","1","0","0","0","0","0","0","0","3","","","","","","76679807","5.783","6.64809","3.641","4204","1110","thing","Masters of Venice","2","5","90","90","90","2009","3,4,5","4","14+","Some necessary text - easily memorized or small crib sheet","","","","","","standalone","","12","USD","24","USD","2020-11-27","The Adventure Begins","1","","","","","","",""
"Mine Shift","112840","5","","0","1","0","0","0","0","0","0","0","3","","","","","","73956303","5.51701","5.83619","1.1667","16109","369","thing","Mine Shift","2","4","20","20","20","2011","2,4","2","8+","No necessary in-game text","","","","","","standalone","","","","","","","","","","","","","","",""
"Monopoly","1406","4","","0","1","0","0","0","0","0","0","0","3","","","","","","73956314","4.29373","4.36197","1.6325","23496","46158","thing","Monopoly","2","8","180","180","60","1935","3,4,5,6","4","8+","Moderate in-game text - needs crib sheet or paste ups","","","","","","standalone","","","","","","","","","","","","","","",""
"Mosaic: A Story of Civilization","329551","8","1","0","1","0","0","0","0","0","0","0","3","","","","","","100182015","6.14699","7.7294","2.7838","2067","1713","thing","Mosaic: A Story of Civilization","1","6","120","120","90","2022","3,4,5,6","4","12+","Extensive use of text - massive conversion needed to be playable","","","","","","standalone","","","","","","","","","","","","","","",""
"Munchkin","1927","7","","0","1","0","0","0","0","0","0","0","3","","","","","","73936364","5.70422","5.8817","1.8054","5209","83917","thing","Munchkin","3","6","120","120","60","2001","3,4,5,6","4","10+","Extensive use of text - massive conversion needed to be playable","","","","","","standalone","","","","","","","","","","","","","","",""
"The Neverland Rescue","245058","7","4","0","1","0","0","0","0","0","0","0","3","","","","","","77573376","5.52862","6.67649","2.3333","13895","217","thing","The Neverland Rescue","2","2","45","45","30","2019","2","2","12+","","","","","","","standalone","","","","","","2020-12-25","","1","","","","","","",""
"Notre Dame: 10th Anniversary","213984","7","1","0","1","0","0","0","0","0","0","0","3","","","","","","73937592","6.58352","7.55596","2.5","0","5134","thing","Notre Dame: 10th Anniversary","2","5","75","75","45","2017","2,3,4,5","3","10+","No necessary in-game text","","","","","","standalone","","","","","","","","","","","","","","",""
"One Night Ultimate Werewolf","147949","7","","0","1","0","0","0","0","0","0","0","3","","","","","","73956155","6.91893","7.08784","1.3802","508","44453","thing","One Night Ultimate Werewolf","3","10","10","10","10","2014","4,5,6,7,8,9,10","6,7,8","10+","No necessary in-game text","","","","","","standalone","","","","","","","","","","","","","","",""
"Onirim","71836","0","","0","1","0","0","0","0","0","0","0","3","","I have the digital edition","","","","73957313","6.36705","6.64265","1.6493","1397","8563","thing","Onirim","1","2","15","15","15","2010","1,2","1","8+","No necessary in-game text","","","","","","standalone","","","","","","","","","","","","","","",""
"Onitama","160477","0","","0","1","0","0","0","0","0","0","0","3","","I have the digital edition","","","","73957321","7.17227","7.37271","1.6776","278","29152","thing","Onitama","2","2","20","20","15","2014","2","2","8+","No necessary in-game text","","","","","","standalone","","","","","","","","","","","","","","",""
"ORC","192830","8","2","0","1","0","0","0","0","0","0","0","3","","","","","","73956345","5.68234","6.45538","1.75","5565","1937","thing","ORC","2","2","10","10","5","2017","2","2","8+","No necessary in-game text","","","","","","standalone","","","","","","","","","","","","","","",""
"Pandemic","30549","7","","0","1","0","0","0","0","0","0","0","3","","","","","","73938095","7.46181","7.56477","2.4046","124","181085","thing","Pandemic","2","4","45","45","45","2008","1,2,3,4","4","10+","Some necessary text - easily memorized or small crib sheet","","","","","","standalone","","","","","","","","","","","","","","",""
"Patchwork","163412","0","","0","1","0","0","0","0","0","0","0","3","","","","","","100182036","7.51311","7.61793","1.6142","106","87901","thing","Patchwork","2","2","30","30","15","2014","2","2","6+","No necessary in-game text","","","","","","standalone","","","","","","","","","","","","","","",""
"Photosynthesis","218603","8","2","0","1","0","0","0","0","0","0","0","3","","","","","","77637337","6.88417","7.04926","2.2707","550","34448","thing","Photosynthesis","2","4","60","60","30","2017","2,3,4","3","10+","No necessary in-game text","","","","","","standalone","","","","","","2020-12-25","","1","","","","","","",""
"Plague Inc.: The Board Game","195162","8","","0","1","0","0","0","0","0","0","0","3","","","","","","73938089","6.51349","7.42363","2.1596","1107","5781","thing","Plague Inc.: The Board Game","1","4","60","60","60","2017","1,2,3,4","4","12+","Moderate in-game text - needs crib sheet or paste ups","","","","","","standalone","","","","","","","","","","","","","","",""
"Poker","1115","5","","0","1","0","0","0","0","0","0","0","3","","","","","","73937135","6.48568","6.71779","2.4246","1159","9107","thing","Poker","2","10","60","60","60","1810","3,4,5,6,7,8,9","5,6","14+","No necessary in-game text","","","","","","standalone","","","","","","","","","","","","","","",""
"Quiddler","339","6","","0","1","0","0","0","0","0","0","0","3","","","","","","73956332","5.84302","6.1027","1.4273","3669","7879","thing","Quiddler","1","8","30","30","30","1998","2,3,4,5,6","4","8+","Extensive use of text - massive conversion needed to be playable","","","","","","standalone","","","","","","","","","","","","","","",""
"Red Rising","329465","0","","0","1","0","0","0","0","0","0","0","3","","","","","","100195393","6.66135","7.10031","2.2882","848","10951","thing","Red Rising","1","6","60","60","45","2021","1,2,3,4","3","12+","Extensive use of text - massive conversion needed to be playable","","","","","","standalone","","","","","","","","","","","","","","",""
"Res Arcana","262712","8","2","0","1","0","0","0","0","0","0","0","3","","","","","","73938301","7.45894","7.71104","2.6129","126","23966","thing","Res Arcana","2","4","60","60","30","2019","2,3,4","2","10+","Some necessary text - easily memorized or small crib sheet","","","","","","standalone","","","","","","","","","","","","","","",""
"The Resistance","41114","6","","0","1","0","0","0","0","0","0","0","3","","","","","","73938315","7.1104","7.24407","1.5999","325","60637","thing","The Resistance","5","10","30","30","30","2009","5,6,7,8,9,10","7","12+","No necessary in-game text","","","","","","standalone","","","","","","","","","","","","","","",""
"Root","237182","9","6","0","1","0","0","0","0","0","0","0","3","","","","","","83342337","7.89549","8.09181","3.7566","28","59831","thing","Root","2","4","90","90","60","2018","3,4","4","12+","Extensive use of text - massive conversion needed to be playable","","","","","","standalone","","","","","","","","","","","","","","",""
"Root: The Clockwork Expansion","287220","0","","0","1","0","0","0","0","0","0","0","3","","","","","","87924817","6.60431","7.95008","3.8966","0","11271","thing","Root: The Clockwork Expansion","1","4","90","90","60","2020","1,2,3","1","14+","Extensive use of text - massive conversion needed to be playable","","","","","","expansion","","30","USD","50","USD","2021-11-13","Space Cadets","1","","","","","","",""
"Root: The Riverfolk Expansion","241386","8","","0","1","0","0","0","0","0","0","0","3","","","","","","87924742","7.68749","8.4365","3.798","0","26230","thing","Root: The Riverfolk Expansion","1","6","90","90","60","2018","3,4,5","4","12+","Extensive use of text - massive conversion needed to be playable","","","","","","expansion","","30","USD","50","USD","2021-11-13","Space Cadets","","","","","","","",""
"Root: The Underworld Expansion","272637","0","","0","1","0","0","0","0","0","0","0","3","","","","","","87924771","7.53676","8.72834","3.5385","0","17443","thing","Root: The Underworld Expansion","2","6","90","90","60","2020","3,4,5,6","4","10+","Extensive use of text - massive conversion needed to be playable","","","","","","expansion","","30","USD","50","USD","2021-11-13","Space Cadets","1","","","","","","",""
"Royal Visit","22245","5","2","0","1","0","0","0","0","0","0","0","3","","","","","","89322581","6.10206","6.66032","1.6618","2218","3872","thing","Royal Visit","2","2","30","30","20","2006","2","2","8+","No necessary in-game text","","","","","","standalone","","","","","","","The Wegner's","1","","","","","","",""
"Rummikub","811","7","","0","1","0","0","0","0","0","0","0","3","","","","","","73956277","6.24775","6.41861","1.7268","1724","32584","thing","Rummikub","2","4","60","60","60","1977","2,3,4","4","8+","No necessary in-game text","","","","","","standalone","","","","","","","","","","","","","","",""
"Saboteur: The Duel","168215","6","","0","1","0","0","0","0","0","0","0","3","","","","","","73956324","5.72317","6.01155","1.2766","4937","5777","thing","Saboteur: The Duel","1","2","30","30","30","2014","1,2","2","8+","No necessary in-game text","","","","","","standalone","","","","","","","","","","","","","","",""
"Scythe","169786","10","8","0","1","0","0","0","0","0","0","0","3","","","","","","73957216","8.03609","8.189","3.4343","16","97110","thing","Scythe","1","5","115","115","90","2016","1,2,3,4,5","4","12+","Moderate in-game text - needs crib sheet or paste ups","","","","","","standalone","","65","USD","90","USD","2020-09-04","Barnes And Noble","1","","","","","","",""
"Scythe: Invaders from Afar","199727","9","","0","1","0","0","0","0","0","0","0","3","","","","","","85613466","7.83026","8.31638","3.4394","0","35449","thing","Scythe: Invaders from Afar","1","7","140","140","90","2016","1,2,3,4,5,6,7","4,5","12+","Some necessary text - easily memorized or small crib sheet","","","","","","expansion","","","","","","","","","","","","","","",""
"Scythe: The Wind Gambit","223555","8","","0","1","0","0","0","0","0","0","0","3","","","","","","90384129","7.24766","7.84633","3.3857","0","26526","thing","Scythe: The Wind Gambit","1","7","140","140","70","2017","1,2,3,4,5,6,7","4,5","12+","Some necessary text - easily memorized or small crib sheet","","","","","","expansion","","","","","","2022-01-22","Michael Green","1","","","","","","",""
"SeaFall","148261","8","1","0","1","0","0","0","0","0","0","0","3","","","","","","77522572","5.90807","6.22218","3.7778","3210","9403","thing","SeaFall","3","5","180","180","120","2016","3,4","4","14+","Extensive use of text - massive conversion needed to be playable","","","","","","standalone","","12","USD","80","USD","2020-12-24","","1","","","","","","",""
"The Search for Planet X","279537","8","3","0","1","0","0","0","0","0","0","0","3","","","","","","89274266","7.49946","8.05814","2.358","112","13417","thing","The Search for Planet X","1","4","60","60","60","2020","1,2,3,4","2,3","12+","Unplayable in another language","","","","","","standalone","","","","","","","Joey Khan","1","","","","","","",""
"Secret Hitler","188834","9","2","0","1","0","0","0","0","0","0","0","3","","","","","","73938308","7.28149","7.52872","1.6754","210","33138","thing","Secret Hitler","5","10","45","45","45","2016","6,7,8,9,10","8,10","14+","Some necessary text - easily memorized or small crib sheet","","","","","","standalone","","","","","","","","","","","","","","",""
"Sequence","2375","7","","0","1","0","0","0","0","0","0","0","3","","","","","","73956216","5.89874","6.07904","1.327","3267","19363","thing","Sequence","2","12","30","30","10","1982","2,3,4,6","3,4","6+","No necessary in-game text","","","","","","standalone","","","","","","","","","","","","","","",""
"Shadow Hunters","24068","8","","0","1","0","0","0","0","0","0","0","3","","","","","","73938298","6.53445","6.82171","1.8197","1057","9094","thing","Shadow Hunters","4","8","60","60","60","2005","5,6,7,8","7,8","10+","Moderate in-game text - needs crib sheet or paste ups","","","","","","standalone","","","","","","","","","","","","","","",""
"SHH","164158","5","1","0","1","0","0","0","0","0","0","0","3","","","","","","73956369","5.71752","6.39024","1.4737","5010","1900","thing","SHH","2","4","10","10","10","2015","2,3,4","3","8","","","","","","","standalone","","","","","","","","","","","","","","",""
"SPY","195456","4","","0","1","0","0","0","0","0","0","0","3","","","","","","73956364","5.54301","5.78064","1.7143","11677","1949","thing","SPY","2","4","10","10","10","2017","2,3,4","2","8+","No necessary in-game text","","","","","","standalone","","","","","","","","","","","","","","",""
"Square Shooters","46957","4","","0","1","0","0","0","0","0","0","0","3","","","","","","73956383","5.51136","5.70721","1.3158","17258","753","thing","Square Shooters","2","6","15","15","15","2010","2,3,4,6","2","8+","No necessary in-game text","","","","","","standalone","","","","","","","","","","","","","","",""
"Star Realms","147020","0","","0","1","0","0","0","0","0","0","0","3","","I have the digital edition, but haven't played it yet","","","","73957332","7.43119","7.5708","1.9334","136","60303","thing","Star Realms","2","2","20","20","20","2014","2","2","8+","Some necessary text - easily memorized or small crib sheet","","","","","","standalone","","","","","","","","","","","","","","",""
"Sushi Go Party!","192291","8","2","0","1","0","0","0","0","0","0","0","3","","","","","","73936576","7.26511","7.42406","1.3034","227","52661","thing","Sushi Go Party!","2","8","20","20","20","2016","2,3,4,5,6,7,8","4,5","8+","Some necessary text - easily memorized or small crib sheet","","","","","","standalone","","","","","","","","","","","","","","",""
"Taboo","1111","6","","0","1","0","0","0","0","0","0","0","3","","","","","","73956208","6.12907","6.29468","1.21","2132","21169","thing","Taboo","4","10","20","20","20","1989","4,5,6,7,8,9,10","6,8","10+","Unplayable in another language","","","","","","standalone","","","","","","","","","","","","","","",""
"Talisman: Revised 4th Edition","27627","0","","0","1","0","0","0","0","0","0","0","3","","I have the digital edition","","","","73964065","6.25544","6.51537","2.1801","1700","22437","thing","Talisman: Revised 4th Edition","2","6","90","90","90","2007","2,3,4,5,6","4","8+","Extensive use of text - massive conversion needed to be playable","","","","","","standalone","","","","","","","","","","","","","","",""
"Tapestry","286096","8","3","0","1","0","0","0","0","0","0","0","3","","","","","","87960786","7.2071","7.44423","2.9094","255","23146","thing","Tapestry","1","5","120","120","90","2019","1,2,3,4","3","12+","Moderate in-game text - needs crib sheet or paste ups","","","","","","standalone","","25","USD","100","USD","2021-11-26","The Adventure Begins","1","","","","","","",""
"Terra Mystica","120677","8","3","0","1","0","0","0","0","0","0","0","3","","","","","","73957233","7.94135","8.10075","3.9703","23","48326","thing","Terra Mystica","2","5","150","150","60","2012","2,3,4,5","4","12+","No necessary in-game text","","","","","","standalone","","","","","","2020-12-19","Gift (Ryan Beery)","1","","","","","","",""
"Through the Ages: A New Story of Civilization","182028","9","2","0","1","0","0","0","0","0","0","0","3","","","","","","73936459","8.11334","8.3424","4.4209","12","32587","thing","Through the Ages: A New Story of Civilization","2","4","120","120","120","2015","2,3,4","3","14+","Extensive use of text - massive conversion needed to be playable","","","","","","standalone","","","","","","","","","","","","","","",""
"Throw Throw Burrito","274533","8","","0","1","0","0","0","0","0","0","0","3","","","","","","73936416","5.99351","6.4679","1.0889","2710","9512","thing","Throw Throw Burrito","2","6","15","15","15","2019","3,4,5,6","4,5,6","8+","No necessary in-game text","","","","","","standalone","","","","","","","","","","","","","","",""
"Ticket to Ride","9209","8","","0","1","0","0","0","0","0","0","0","3","","","","","","73936182","7.29242","7.40365","1.8389","203","114323","thing","Ticket to Ride","2","5","60","60","30","2004","2,3,4,5","4","8+","No necessary in-game text","","","","","","standalone","","","","","","","","","","","","","","",""
"Ticket to Ride Map Collection: Volume 1 – Team Asia & Legendary Asia","106637","8","","0","1","0","0","0","0","0","0","0","3","","","","","","73936196","7.10796","7.66342","1.9657","0","13844","thing","Ticket to Ride Map Collection: Volume 1 – Team Asia & Legendary Asia","2","6","60","60","30","2011","2,3,4,5,6","4,6","8+","No necessary in-game text","","","","","","expansion","","","","","","","","","","","","","","",""
"Ticket to Ride Map Collection: Volume 3 – The Heart of Africa","131188","8","2","0","1","0","0","0","0","0","0","0","3","","","","","","73936205","6.65135","7.39137","2.04","0","8908","thing","Ticket to Ride Map Collection: Volume 3 – The Heart of Africa","2","5","60","60","30","2012","2,3,4,5","4","8+","No necessary in-game text","","","","","","expansion","","","","","","","","","","","","","","",""
"Ticket to Ride Map Collection: Volume 4 – Nederland","147938","7","","0","1","0","0","0","0","0","0","0","3","","","","","","73936207","6.57746","7.36549","2.1139","0","8208","thing","Ticket to Ride Map Collection: Volume 4 – Nederland","2","5","60","60","30","2013","3,4,5","4,5","8+","No necessary in-game text","","","","","","expansion","","","","","","","","","","","","","","",""
"Ticket to Ride Map Collection: Volume 5 – United Kingdom & Pennsylvania","182078","8","","0","1","0","0","0","0","0","0","0","3","","","","","","73936197","7.31068","7.99142","2.2879","0","13235","thing","Ticket to Ride Map Collection: Volume 5 – United Kingdom & Pennsylvania","2","5","75","75","30","2015","2,3,4,5","4","10+","No necessary in-game text","","","","","","expansion","","","","","","","","","","","","","","",""
"Ticket to Ride Map Collection: Volume 6 – France & Old West","233891","7","","0","1","0","0","0","0","0","0","0","3","","","","","","73936210","6.49242","7.62731","2.1333","0","5442","thing","Ticket to Ride Map Collection: Volume 6 – France & Old West","2","6","90","90","60","2017","3,4,5,6","4,5","10+","Some necessary text - easily memorized or small crib sheet","","","","","","expansion","","","","","","","","","","","","","","",""
"Ticket to Ride: Alvin & Dexter","89848","6","","0","1","0","0","0","0","0","0","0","3","","","","","","73936203","5.97061","6.50637","1.5571","0","6804","thing","Ticket to Ride: Alvin & Dexter","2","5","50","50","30","2011","3,4,5","4,5","8+","No necessary in-game text","","","","","","expansion","","","","","","","","","","","","","","",""
"Ticket to Ride: Europe","14996","7","","0","1","0","0","0","0","0","0","0","3","","","","","","73936188","7.41474","7.53597","1.9248","143","101033","thing","Ticket to Ride: Europe","2","5","60","60","30","2005","2,3,4,5","4","8+","No necessary in-game text","","","","","","standalone","","","","","","","","","","","","","","",""
"Ticket to Ride: First Journey (U.S.)","205125","7","","0","1","0","0","0","0","0","0","0","3","","","","","","73936200","6.19854","6.90577","1.4359","1873","5970","thing","Ticket to Ride: First Journey (U.S.)","2","4","30","30","15","2016","2,3,4","3,4","6+","No necessary in-game text","","","","","","standalone","","","","","","","","","","","","","","",""
"Ticket to Ride: Nordic Countries","31627","7","","0","1","0","0","0","0","0","0","0","3","","","","","","73936190","7.3368","7.6286","1.981","178","20080","thing","Ticket to Ride: Nordic Countries","2","3","60","60","30","2007","2,3","3","8+","No necessary in-game text","","","","","","standalone","","","","","","","","","","","","","","",""
"Ticket to Ride: Rails & Sails","202670","8","","0","1","0","0","0","0","0","0","0","3","","","","","","73936192","6.72414","7.41644","2.5316","745","8645","thing","Ticket to Ride: Rails & Sails","2","5","120","120","60","2016","2,3,4,5","4","10+","No necessary in-game text","","","","","","standalone","","","","","","","","","","","","","","",""
"TRAILS","338628","7","2","0","1","0","0","0","0","0","0","0","3","","","","","","85613495","6.29756","7.14766","1.8302","1574","5954","thing","TRAILS","2","4","40","40","20","2021","2,3,4","2","8+","Some necessary text - easily memorized or small crib sheet","","","","","","standalone","","20","USD","20","USD","","Target","1","","","","","","",""
"Trivial Pursuit: Deluxe","33624","6","","0","1","0","0","0","0","0","0","0","3","","","","","","73956249","5.5265","5.88996","2.2727","14258","392","thing","Trivial Pursuit: Deluxe","2","36","120","120","120","2007","4,5,6,7,8,9,10,11,12","6","14+","Unplayable in another language","","","","","","standalone","","","","","","","","","","","","","","",""
"Tsuro","16992","7","1","0","1","0","0","0","0","0","0","0","3","","","","","","73956310","6.54459","6.66718","1.2273","1044","38085","thing","Tsuro","2","8","20","20","15","2005","2,3,4,5,6,7,8","4,6","6+","No necessary in-game text","","","","","","standalone","","","","","","","","","","","","","","",""
"UNO","2223","6","","0","1","0","0","0","0","0","0","0","3","","","","","","73936584","5.32096","5.42747","1.1103","23379","48384","thing","UNO","2","10","30","30","30","1971","2,3,4,5,6,7,8","4,5,6","5+","No necessary in-game text","","","","","","standalone","","","","","","","","","","","","","","",""
"Viticulture Essential Edition","183394","8","4","0","1","0","0","0","0","0","0","0","3","","","","","","92978761","7.87657","8.02869","2.8873","32","56291","thing","Viticulture Essential Edition","1","6","90","90","45","2015","1,2,3,4,5,6","3,4","12+","Moderate in-game text - needs crib sheet or paste ups","","","","","","standalone","","","","","","2022-04-08","Jonny Green","","","","","","","",""
"Watergate","274364","8","3","0","1","0","0","0","0","0","0","0","3","","","","","","73936122","7.44188","7.85055","2.25","132","16495","thing","Watergate","2","2","60","60","30","2019","2","2","12+","Extensive use of text - massive conversion needed to be playable","","","","","","standalone","","","","","","","","","","","","","","",""
"Witch Hunt","164236","7","","0","1","0","0","0","0","0","0","0","3","","","","","","73956126","5.58284","7.52977","2","8614","388","thing","Witch Hunt","7","22","90","90","30","2016","8,9,10,11,12,13,14,15,16,17,18","10,11,12,13,14","14+","Some necessary text - easily memorized or small crib sheet","","","","","","standalone","","","","","","","","","","","","","","",""
"Wits & Wagers","20100","6","","0","1","0","0","0","0","0","0","0","3","","","","","","73956253","6.75381","6.92931","1.2101","702","19851","thing","Wits & Wagers","3","7","25","25","25","2005","4,5,6,7","6,7","8+","Unplayable in another language","","","","","","standalone","","","","","","","","","","","","","","",""
"World's Fair 1893","178336","7","1","0","1","0","0","0","0","0","0","0","3","","","","","","73956301","6.59785","7.1679","2","953","6132","thing","World's Fair 1893","2","4","45","45","35","2016","2,3,4","4","8+","No necessary in-game text","","","","","","standalone","","","","","","","","","","","","","","",""
